ID_img,class
220301043848_6cc055641c0af18229c300c3a7d38d1d.jpg,1
220301053009_0e6bf2024d859c8adfc333836650a8d0.jpg,0
220301060008_50a7174fbbc60b0f8a47564c0e0a1876.jpg,0
220301060540_ead3d0abfe0a2f8d61a87810872a1578.jpg,2
220301060737_e2f694a895a914df4a631ef79c2450b5.jpg,0
220301062357_af2532570bfff9292ee3d7483dd84314.jpg,2
220301063951_504d5ddb40722933736b1185184d7e4b.jpg,1
220301064242_94cabd3d6adf9bc504a2754a697139ea.jpg,0
220301064600_c29f0451b54ab31b4326700295975d6c.jpg,2
220301070233_6e33b92ced5bb5f13c80ccad9b46984e.jpg,0
220301091449_14728d5d471502eee9337b241c9bc72a.jpg,0
220301091459_17b649e45bf6b3640ee6bc252570d3cd.jpg,0
220301102809_d4b9ae1d76bd43dfaef9fb3e3035e5e1.jpg,0
220301123732_47c3e629e912641c39db118d655922b4.jpg,0
220301123742_d45dd20e9688477eab101bdcaf64cb21.jpg,0
220301123755_221cba9dbb27fe0e916a4865afcd5a64.jpg,0
220301123803_053c02e2cc42d5a51232d80a395a1824.jpg,0
220301123902_6b009199c1645f6ae5356f6358ae4736.jpg,0
220301123917_00b77e8a8034fa557cbdd06101c78fa2.jpg,0
220301123920_610b0c76fab583e3bab2990c438e0fd1.jpg,0
220301123940_33ee70036f41f7118a421f279f8ff36a.jpg,0
220301123942_9740a8c7b703d23be8c4e0abbcdde546.jpg,0
220301123943_9584b96b76cfdca56ab7e4c3079ad1a5.jpg,0
220301123944_dc20b3a9a2fec6aff44632d2d11e8c83.jpg,0
220301123954_1d75e9be7cb5fe1e48737e8db0593895.jpg,0
220301124021_f40229081982b2b674708e805b0e6ea9.jpg,0
220301124024_ad8f17ab598d3fd443dddca211e29b7a.jpg,0
220301124025_caa0e9b3f7cf53c8b7065c0c26bf9c6a.jpg,0
220301124026_85d7024fe0e0d682e37c832ed9f1ceb1.jpg,0
220301124027_3a91117a157943ba5829c64586db3d81.jpg,0
220301124028_cc4ed69229778c464797f5cd374bdaf1.jpg,0
220301124029_1e60042f4938553fc1cac55c68227a56.jpg,1
220301124031_b5852b902467b1654b27c8c0a5e9de96.jpg,0
220301124032_6972120a650d305aa30d54806039125d.jpg,0
220301124043_886eb977a7a2e6e941036ba5286317a1.jpg,0
220301124044_5b30c9cc77a4b8f893b93f4e14da30d5.jpg,0
220301124045_0d657b1b5317bcfaa4a0a6ba59d56843.jpg,0
220301124046_5ae82b93434554b4ad412f7ca660495e.jpg,0
220301124049_00d356fb500c26b8fcb60a7080c63a4e.jpg,1
220301124049_9ceae73c808e7b2109d620c96c65d423.jpg,1
220301124050_36d7a06771a8c89f4fb7371ad9c76db5.jpg,0
220301124054_677396e55e0e6dca54291001610de5f0.jpg,0
220301124056_74fd572d5d75c1f408c3e28753b033f0.jpg,0
220301034122_a4cf663fdff304b03ad86ef6b7f3094f.jpg,2
220301043310_6de7d605de82bb1305e729680452f284.jpg,1
220301044053_9d0cb857b63e9edaa087bbba5ab7c5a1.jpg,2
220301051436_0e7293183a676f2ee2e2c2d2cd817d91.jpg,1
220301052827_84b751e26cfaa1711c913a1d750d9c97.jpg,1
220301052827_93660c417b23a2bda6fa9416d34a92d6.jpg,2
220301052948_b051822b1909cf20e96ef65ac14054aa.jpg,1
220301052948_fb6ec2b6a5aa1094915cdac48e92d914.jpg,1
220301053504_dfd5d608d2fa11aea275404e19b85a15.jpg,1
220301053641_e205b96535269b4421689c0dd43f37e9.jpg,1
220301054200_8d459fd2fe9d2e3997d6e7eeace359ab.jpg,2
220301054454_8806baef1a6f77cba5a4f8ca38fdd531.jpg,2
220301054454_9f0e63628016df88952a1355946a0ba7.jpg,2
220301055152_3fc33c5d98dc63ebdfdcc391560005c4.jpg,1
220301055152_8d6a627b5bd97322d4896205d46a6e0f.jpg,2
220301055332_a73c0825e13c04417759fa765cce8638.jpg,1
220301055651_4bbc06e65bf30de4d7901cd62a716a9c.jpg,1
220301060624_dea7d4195b0c67153a3d917baab00365.jpg,1
220301060646_079e9d108db746946bb7209d57d4c499.jpg,1
220301061202_c59109a6032d2a6cf50a0036b7057d0e.jpg,0
220301061958_e8e28ece90fe302d8a7a4eecacb15ed7.jpg,2
220301063954_dd54a47530b50ea723e8b793341d7905.jpg,2
220301064811_324c0a5f1a9a7d04153e986a88b132d8.jpg,1
220301064914_477f41c221bc9f1a3c4d90fb7b8bc800.jpg,1
220301070147_e789b3fea3367464a5b3888b4a6bd927.jpg,1
220301070439_91576ea7fbb6567ff743e271662f9d06.jpg,2
220301070501_19dd26f702c27400e8148bea79fd11dc.jpg,1
220301070501_f93ca113afa11e99b819e9c9c5d89e2f.jpg,1
220301070625_1be30d27fcfc119ed8dee6037a9ab385.jpg,2
220301070914_9f40eac64f72c8d6ee0e7f4fa37dc4ba.jpg,1
220301072106_0da33bd0cbdece71d03ef36576c794bd.jpg,0
220301072106_3def024879dfe2602a9ac12e53eb9329.jpg,1
220301075052_bad36739f234b3fe04a136dcef19b4be.jpg,1
220301080121_8518cf014a6b58187694bef49cf44db3.jpg,1
220301080142_d20b957a2f1cce040587261ecbbecef6.jpg,0
220301114829_3d2d8e7089a4b1024d2ee733dd5bc2c4.jpg,1
220301123758_79538a1878a1b82238851aaa695b8b7e.jpg,1
220301124526_ba6ffcfd54b8a2e2d7120082abf89be8.jpg,1
220301152600_cf909029f294f8aa507c4c277bcbba48.jpg,2
220301164729_5fb566b5b7054040248e9023973134bd.jpg,1
220302013218_0dc7f7864ff931e2f0e2673f89cfb47c.jpg,2
220302022721_11ad12f5bd58cda2dd535bd190546258.jpg,2
220302022853_468a042dfa53afd5798097d87abcfa57.jpg,2
220302023121_fac4a7e63862e9cfb396731574b839d3.jpg,1
220302023404_9896e855e8ee99a7827275728b455683.jpg,1
220302122945_1968304382c36c70cf7ffbffaf84f64e.jpg,2
220302123330_12a9a6036de75008678846515500f3a6.jpg,2
220302123501_dac4dbdd94f410e8dabef735d1139aa7.jpg,2
220302124219_0ae3ca774c1b29c9a17e0fa7a4f09a8e.jpg,2
220302163654_7912adc5d67ca8497685c3a6565d82ca.jpg,2
220303054740_9daab175576b21466a151bc4b9a0536f.jpg,1
220303102757_0b41f5d380607c839dc2cce6ec632ed9.jpg,2
220304031122_f4bc294df4f178c4e60b16b5f323c88c.jpg,1
220304060156_51b2fe94598d626677f65085635568fa.jpg,2
220304063326_d00d7a35c1490bf3ce4daeb58f8eaf7e.jpg,2
220304075058_5ecd71937f0ba2daa2e836fc9556bfa9.jpg,2
220304080037_1d2a41e253969888932364880c6aa561.jpg,2
220304084343_79245a2131777102f7e0ad6b08761ea9.jpg,2
220304085422_50f867ec4a71dc676b102a06eab9155e.jpg,2
220304121950_b18964617e013809ede549241e995329.jpg,2
220305034331_aeaa3f1c335713097f7644dab8e8947c.jpg,2
220305034332_f778335fc4ca188426a5163533b80cba.jpg,2
220301023744_7efcd3155c7432ce19f744c48a061123.jpg,2
220301024242_cbac971792a4f73880d3935af90ea59c.jpg,2
220301024628_d1ffdab129f708e29c42e8d5b0b72f33.jpg,1
220301025206_de576eeb9d4002e51eda2bd542c45d03.jpg,2
220301025344_9f5e9464b5f997ff8bdf9692cd7a5c7b.jpg,2
220301025411_306665f6ff3caf87ce2bb1bc090118ec.jpg,1
220301031051_06b6f504f1ee8fffb3e2cf226179114d.jpg,1
220301031052_6644735ea31e4a395eae4176242912c2.jpg,1
220301031757_308048bf7b1e0094afa42651d31823c6.jpg,1
220301031934_f7e58c53aa9c1aea6282c500c12df759.jpg,1
220301031935_565b4e6dd53949bf56a2db53df27e521.jpg,1
220301032019_32bef8020cd725f3bfb4747addc0f72e.jpg,1
220301032019_ecacd6512ea6f600fb3a342d50f9121a.jpg,1
220301032241_55062c92542f15e6a75fd06f98366233.jpg,1
220301032241_a6234b1aa45b7987a7950d9229d206f7.jpg,1
220301032519_0ba1ebbed907d2da640b44a8bdbcc454.jpg,1
220301033646_658520a776cb01e5e9f617086bbf91cc.jpg,0
220301033751_97b53ddae8b6c93b8757983758397a25.jpg,1
220301033804_a44ff2b1068577a3c819cc7906320c9d.jpg,1
220301034035_3f199e11de1c1ed80f5918335a2605da.jpg,1
220301034320_02df78439468fd82efdf02983ca24b0f.jpg,1
220301034735_656dca476063d2ed2bffadad296c0938.jpg,1
220301034805_1a7b4d01a63d8d835d9a555272aeff55.jpg,1
220301034822_16cc7696eb8678d3c7d5b3540b4bee42.jpg,1
220301035156_03dfcff4914e9388f44b5434a5f2f978.jpg,1
220301035157_5b3a6fde3c58ae4ffc1a62deed019072.jpg,1
220301035216_WhatsApp_Image_2022-03-01_at_08.29.04.jpeg,1
220301035236_adcac4f4f8e521b1ec2bdf93968d9caa.jpg,1
220301035236_f9bd5935785fd02303e6ab31f16b0358.jpg,1
220301035918_3a31a21de5be5c06f2acd91ef64b328f.jpg,1
220301035919_2ffb70cea666a8379c24c4c292ec235e.jpg,1
220301040006_ebf218dc68080c9b05dffbb572ae64e0.jpg,1
220301040104_6b3fdd96081f24bfb0971f8e7e4cf96a.jpg,1
220301040104_75d979d274bf57024d3d46fb571d743d.jpg,1
220301040256_ae51618658a68e6c1e236360203ae9ae.jpg,1
220301040445_3b06379c023fe9330d1f3aa7b182a12d.jpg,1
220301040530_aec16780081cb6e5cb2ddaec4b87f350.jpg,1
220301040651_378f5e4dfbb4914234a4340ddc46d5f2.jpg,1
220301040651_4f58fa7e35d8c51943ecfbc9f8e8812a.jpg,1
220301040830_5359517aeaab4d3f3ec256503eb9a636.jpg,1
220301040830_ba1a0e629ce697b82e7c2ef39258101f.jpg,1
220301041154_fb1e08d5ecd8046db681508457657c1a.jpg,1
220301041456_d6cca7deaa4a2f3589ab4e6ac04a2753.jpg,1
220301041821_1ccb07ae7828f6adbdfca81ed1c48344.jpg,1
220301041821_3ec1bb5e1fb0068d39bbe4a641a7c5b9.jpg,1
220301042047_0638515aff545c70883f8e530ffaf3d5.jpg,1
220301042430_fa87065e4a6df7db6a01b331640ae160.jpg,1
220301043105_6c69f3286e67f4161efded57a2e05364.jpg,1
220301043152_9926338a3d791f5473f8bce6b25d55e0.jpg,1
220301043857_cb4914007e0543426e2e906bba656c10.jpg,1
220301044154_cfd6a4f2c9dfcf267e399ff93a3deb01.jpg,1
220301044431_67e2884589e4d7c5a83d69d3bb51c76a.jpg,1
220301044432_0cdd192d6a3783c45d7ee88fedd07ce5.jpg,1
220301044659_859c780366244f35d263737236433ecb.jpg,1
220301044726_9cc1aaaf622f1bc42761363acc12fd1c.jpg,1
220301045051_371a6656989ee12cb899aa951aff63d6.jpg,1
220301045237_7c06e01611344d98e477e317a860e35f.jpg,1
220301045358_7328368ab4662f1495408b48455e9f79.jpg,1
220301045424_908d057445e43c386b80a9d82d579513.jpg,0
220301045656_70ca65d3044af4380cb059f1707b5a6e.jpg,1
220301045742_0e8f57b2d4aaa7edc9a5ad2251a3ec42.jpg,1
220301045743_cf6e8358fde98cfdfa281c3c3e005821.jpg,1
220301045947_f27fedeb005c414b514c60aea40d3d98.jpg,1
220301050043_2328ee7926d967d2021689cff4b768e7.jpg,1
220301050126_b064d0309836faf38c82ac21696fa714.jpg,1
220301050356_36c354eb7fdf7a14218f563226b2d0d0.jpg,1
220301050433_4539b9ce17645d3f7226773f164e4ca6.jpg,1
220301050455_5a957fa0f1024ef2ccf18415f2180293.jpg,1
220301050544_5f9f6b7fd8b6b01e5fa2727d232361f5.jpg,1
220301050648_7df07acec83c541cbc522487708e7b2a.jpg,1
220301050940_c2669f4f0d7ec2d16e8aa9f88003279a.jpg,1
220301051219_a04e95502a92da13f454e51cbb2da42d.jpg,1
220301051428_2da5ba8945277e75f2b2698f74341101.jpg,1
220301051456_3101b65cb90850746204dcaae7fc7adc.jpg,1
220301051633_6b6a125e3a6a3f39fcf5f9b162635f47.jpg,1
220301051710_f4949f48058040e82854cdc82c523f16.jpg,1
220301051942_020f8c237a0595e09c5d928463c640da.jpg,1
220301051954_f2deaf56ecd0b0ecd6d2a7174b0967ec.jpg,1
220301052021_004696c9a00871b2b3d24c7762c56f81.jpg,1
220301052200_8a461ea1e2362be0e40ecf228a90f975.jpg,1
220301052308_4bcc2165a793e1ac6c2801034ca8b48d.jpg,1
220301052518_490f6efbb1472f3d46a05ddc5d1e1bc9.jpg,1
220301052554_727159db912d95ac36ab89e4c5cdb290.jpg,1
220301052655_9536b081d9cd0ddcd01b28e7004f697e.jpg,1
220301052702_15de139826f33e84a85697a0f2235bea.jpg,1
220301052732_a5b12874f9316a2b27f1bda0501f1597.jpg,1
220301053124_81abe804cb3228381c06597fd7e58a4c.jpg,1
220301053646_3302bec962033a9aa857148763b02235.jpg,1
220301053710_9eb4b0bb0c132cd7a49033e2cb6e732c.jpg,1
220301053756_3dccc5e1d445b70405ab7b1ff9a9baf9.jpg,1
220301053810_80efac83a5d429199371d474fbc81c1a.jpg,1
220301053931_ce585a709363db51ae55551851e28894.jpg,1
220301054323_0c2e112d1eb6156d124ae0928ff98cf6.jpg,1
220301054432_76fdfeb1019c8f0b81a25fe39bb87b05.jpg,1
220301054917_1c51a9746ae5828a17fb35646e2300c3.jpg,1
220301055018_879ba5329c993699aad08fdfc3e09cc4.jpg,0
220301055343_45ece096130888014e8ddc11f7128ee8.jpg,1
220301055348_295e207a887f3839528931784831e9aa.jpg,1
220301055711_0810d6e435b7d44d7fec83adfdcd4614.jpg,1
220301055711_b2176f9aeac74de050e89fc32f80fb4a.jpg,1
220301060144_59441c14e3afdd7326186eef6da10736.jpg,1
220301060851_0c2d7a9a2e7007445ffb8342b832319d.jpg,1
220301061235_6e00fe51282b5fe6bce28a1cd6e0a139.jpg,1
220301061558_5d05de3d73b749e99f62a8a8ac11af52.jpg,1
220301061610_47d8e3e0d81c9c1999b77279213fcf46.jpg,1
220301061932_4c8701f73892ecbebbaeababc0706267.jpg,1
220301062248_4cafcd952cc5802e4a323d6384652ab7.jpg,1
220301062325_cc2cd8226d42d5b0a84e3adf3432e3ae.jpg,1
220301062527_ad20e9dc26c762f76ce81d4f9381d259.jpg,1
220301062733_e1afd594a44a4b0c6e44b98a8ca78f90.jpg,1
220301062739_90c6ce3f4eddf7e69dfaea74d9f1fd9a.jpg,1
220301062836_49a0da0b232938af061374aade30ed9c.jpg,1
220301063039_09620b1cbb18c9aecaacc3f73d2f4b9b.jpg,0
220301063438_bdaf0b8cae76bf4f4c73ecd6fd2c672c.jpg,1
220301063632_b1dce209512749a4c3d6abf0fb327615.jpg,1
220301064443_bc9e49495524ba76956718378683abbf.jpg,1
220301064548_db445e0dbf9196bbcfb2de0f8e937752.jpg,1
220301065255_0fc358c423dcc9ef9ca5e2ef9625f0f7.jpg,1
220301065833_94dade4728176a0369a96aa567670458.jpg,1
220301070258_311b546023bd1cd24c1c2af5e7856d62.jpg,1
